,Unnamed: 0,URL,URL_FIRST_PART,URL_LAST_PART,PREDICATE,OBJECT,WORDS,ENTITIES,REPLACED_WORD
0,0,http://fraunhofer.de/data/hydrogen_carrier,http://fraunhofer.de/data,hydrogen_carrier,http://www.w3.org/1999/02/22-rdf-syntax-ns#type,http://www.semanticweb.org/neunsinger/ontologies/2022/2.0/HydrogenOntology#Car,hydrogen carrier,[],Car
1,1,http://fraunhofer.de/data/hydrogen_tank,http://fraunhofer.de/data,hydrogen_tank,http://www.w3.org/1999/02/22-rdf-syntax-ns#type,http://fraunhofer.de/MarketActivities/inTesting,hydrogen tank,[],Tank
2,2,http://fraunhofer.de/data/high_pressure_hydrogen_tanks,http://fraunhofer.de/data,high_pressure_hydrogen_tanks,http://www.w3.org/1999/02/22-rdf-syntax-ns#type,http://fraunhofer.de/MarketActivities/inProduction,high pressure hydrogen tanks,[],Tank
3,3,http://fraunhofer.de/data/hydrogen_fuel_cell,http://fraunhofer.de/data,hydrogen_fuel_cell,http://www.w3.org/1999/02/22-rdf-syntax-ns#type,http://fraunhofer.de/MarketActivities/Researcher,hydrogen fuel cell,[],Fuel_Cell
4,4,http://fraunhofer.de/data/Hydrogen_Infrastructure,http://fraunhofer.de/data,Hydrogen_Infrastructure,http://www.w3.org/1999/02/22-rdf-syntax-ns#type,http://fraunhofer.de/MarketActivities/Researcher,Hydrogen Infrastructure,"[('Hydrogen Infrastructure', 'ORG')]",Infrastructure
5,5,http://fraunhofer.de/data/Hydrogen_plane,http://fraunhofer.de/data,Hydrogen_plane,http://www.w3.org/1999/02/22-rdf-syntax-ns#type,http://www.semanticweb.org/neunsinger/ontologies/2022/2.0/HydrogenOntology#Aircraft,Hydrogen plane,"[('Hydrogen', 'GPE')]",Plane
6,6,http://fraunhofer.de/data/hydrogen_fuel_cells,http://fraunhofer.de/data,hydrogen_fuel_cells,http://www.w3.org/1999/02/22-rdf-syntax-ns#type,http://fraunhofer.de/MarketActivities/Customer,hydrogen fuel cells,[],Fuel_Cell
7,7,http://fraunhofer.de/data/Geely_Hydrogen_Fuel_Cell,http://fraunhofer.de/data,Geely_Hydrogen_Fuel_Cell,http://www.w3.org/1999/02/22-rdf-syntax-ns#type,http://www.semanticweb.org/neunsinger/ontologies/2022/2.0/HydrogenOntology#Reconversion,Geely Hydrogen Fuel Cell,[],Fuel_Cell
8,8,http://fraunhofer.de/data/Hydrogen_Infrastructure,http://fraunhofer.de/data,Hydrogen_Infrastructure,http://www.w3.org/1999/02/22-rdf-syntax-ns#type,http://fraunhofer.de/MarketActivities/Manufacturer,Hydrogen Infrastructure,"[('Hydrogen Infrastructure', 'ORG')]",Infrastructure
9,9,https://www.epicos.com/article/660648/toyoda-gosei-starts-operation-high-pressure-hydrogen-tanks-fcvs-inabe-plant-japan,https://www.epicos.com/article/660648,toyoda_gosei_starts_operation_high_pressure_hydrogen_tanks_fcvs_inabe_plant_japan,http://www.w3.org/1999/02/22-rdf-syntax-ns#type,http://purl.org/dc/terms/BibliographicResource,toyoda gosei starts operation high pressure hydrogen tanks fcvs inabe plant japan,"[('japan', 'GPE')]",Tank
10,10,http://fraunhofer.de/data/hydrogen_and_fuel_cell_technologies,http://fraunhofer.de/data,hydrogen_and_fuel_cell_technologies,http://www.w3.org/1999/02/22-rdf-syntax-ns#type,http://fraunhofer.de/MarketActivities/inResearch,hydrogen and fuel cell technologies,[],Fuel_Cell
11,11,http://fraunhofer.de/data/hydrogen_technology,http://fraunhofer.de/data,hydrogen_technology,http://www.w3.org/1999/02/22-rdf-syntax-ns#type,http://fraunhofer.de/MarketActivities/inProduction,hydrogen technology,[],Technology
12,12,http://fraunhofer.de/data/hydrogen_technology,http://fraunhofer.de/data,hydrogen_technology,http://www.w3.org/1999/02/22-rdf-syntax-ns#type,http://fraunhofer.de/MarketActivities/Manufacturer,hydrogen technology,[],Technology
13,13,http://fraunhofer.de/data/hydrogen_train,http://fraunhofer.de/data,hydrogen_train,http://www.w3.org/1999/02/22-rdf-syntax-ns#type,http://fraunhofer.de/MarketActivities/Supplier,hydrogen train,[],Train
14,14,http://fraunhofer.de/data/hydrogen_fuel_and,http://fraunhofer.de/data,hydrogen_fuel_and,http://www.w3.org/1999/02/22-rdf-syntax-ns#type,http://fraunhofer.de/MarketActivities/inResearch,hydrogen fuel and,[],Fuel_Cell
15,15,http://fraunhofer.de/data/Hydrogen_Peroxide,http://fraunhofer.de/data,Hydrogen_Peroxide,http://www.w3.org/1999/02/22-rdf-syntax-ns#type,http://fraunhofer.de/MarketActivities/inTesting,Hydrogen Peroxide,[],Hydrogen
16,16,http://fraunhofer.de/data/hydrogen_fuel_cells,http://fraunhofer.de/data,hydrogen_fuel_cells,http://www.w3.org/1999/02/22-rdf-syntax-ns#type,http://fraunhofer.de/MarketActivities/inProduction,hydrogen fuel cells,[],Fuel_Cell
17,17,http://fraunhofer.de/data/European_Clean_Hydrogen_Alliance,http://fraunhofer.de/data,European_Clean_Hydrogen_Alliance,http://www.w3.org/1999/02/22-rdf-syntax-ns#type,http://fraunhofer.de/MarketActivities/Customer,European Clean Hydrogen Alliance,"[('European Clean Hydrogen Alliance', 'ORG')]",European_Clean_Hydrogen_Alliance
18,18,http://fraunhofer.de/data/zero-emission_hydrogen_fuel_cell_bus,http://fraunhofer.de/data,zero_emission_hydrogen_fuel_cell_bus,http://www.w3.org/1999/02/22-rdf-syntax-ns#type,http://www.semanticweb.org/neunsinger/ontologies/2022/2.0/HydrogenOntology#Bus,zero emission hydrogen fuel cell bus,"[('zero', 'CARDINAL')]",Fuel_Cell
19,19,http://fraunhofer.de/data/hydrogen_tank,http://fraunhofer.de/data,hydrogen_tank,http://www.w3.org/1999/02/22-rdf-syntax-ns#type,http://fraunhofer.de/MarketActivities/inProduction,hydrogen tank,[],Tank
20,20,http://fraunhofer.de/data/hydrogen_fuel_and_wind_power,http://fraunhofer.de/data,hydrogen_fuel_and_wind_power,http://www.w3.org/1999/02/22-rdf-syntax-ns#type,http://fraunhofer.de/MarketActivities/inResearch,hydrogen fuel and wind power,[],Fuel_Cell
21,21,http://fraunhofer.de/data/Hydrogen_Fuel_Cell,http://fraunhofer.de/data,Hydrogen_Fuel_Cell,http://www.w3.org/1999/02/22-rdf-syntax-ns#type,http://www.semanticweb.org/neunsinger/ontologies/2022/2.0/HydrogenOntology#Product,Hydrogen Fuel Cell,[],Fuel_Cell
22,22,http://fraunhofer.de/data/hydrogen_fuel_cell_system,http://fraunhofer.de/data,hydrogen_fuel_cell_system,http://www.w3.org/1999/02/22-rdf-syntax-ns#type,http://www.semanticweb.org/neunsinger/ontologies/2022/2.0/HydrogenOntology#Product,hydrogen fuel cell system,[],Fuel_Cell
23,23,http://fraunhofer.de/data/hydrogen_fuel_cells,http://fraunhofer.de/data,hydrogen_fuel_cells,http://www.w3.org/1999/02/22-rdf-syntax-ns#type,http://www.semanticweb.org/neunsinger/ontologies/2022/2.0/HydrogenOntology#Reconversion,hydrogen fuel cells,[],Fuel_Cell
24,24,http://fraunhofer.de/data/European_Clean_Hydrogen_Alliance,http://fraunhofer.de/data,European_Clean_Hydrogen_Alliance,http://www.w3.org/1999/02/22-rdf-syntax-ns#type,http://fraunhofer.de/MarketActivities/inProduction,European Clean Hydrogen Alliance,"[('European Clean Hydrogen Alliance', 'ORG')]",European_Clean_Hydrogen_Alliance
25,25,http://fraunhofer.de/data/hydrogen_production,http://fraunhofer.de/data,hydrogen_production,http://www.w3.org/1999/02/22-rdf-syntax-ns#type,http://www.semanticweb.org/neunsinger/ontologies/2022/2.0/HydrogenOntology#Product,hydrogen production,[],Hydrogen
26,26,http://fraunhofer.de/data/High_Pressure_Hydrogen_Tanks,http://fraunhofer.de/data,High_Pressure_Hydrogen_Tanks,http://www.w3.org/1999/02/22-rdf-syntax-ns#type,http://fraunhofer.de/MarketActivities/Researcher,High Pressure Hydrogen Tanks,[],Tank
27,27,http://fraunhofer.de/data/Hydrogen_%26_Fuel_Cells,http://fraunhofer.de/data,Hydrogen___Fuel_Cells,http://www.w3.org/1999/02/22-rdf-syntax-ns#type,http://fraunhofer.de/MarketActivities/Supplier,Hydrogen   Fuel Cells,[],Fuel_Cell
28,28,http://fraunhofer.de/data/Green_Hydrogen,http://fraunhofer.de/data,Green_Hydrogen,http://www.w3.org/1999/02/22-rdf-syntax-ns#type,http://www.semanticweb.org/neunsinger/ontologies/2022/2.0/HydrogenOntology#Conversion,Green Hydrogen,"[('Green Hydrogen', 'ORG')]",Hydrogen
29,29,http://fraunhofer.de/data/Hydrogen_Peroxide,http://fraunhofer.de/data,Hydrogen_Peroxide,http://www.w3.org/1999/02/22-rdf-syntax-ns#type,http://fraunhofer.de/MarketActivities/inProduction,Hydrogen Peroxide,[],Hydrogen
30,30,http://fraunhofer.de/data/hydrogen_and_fuel,http://fraunhofer.de/data,hydrogen_and_fuel,http://www.w3.org/1999/02/22-rdf-syntax-ns#type,http://fraunhofer.de/MarketActivities/inTesting,hydrogen and fuel,[],Fuel_Cell
31,31,http://fraunhofer.de/data/Renewable_hydrogen,http://fraunhofer.de/data,Renewable_hydrogen,http://www.w3.org/1999/02/22-rdf-syntax-ns#type,http://fraunhofer.de/MarketActivities/inResearch,Renewable hydrogen,[],Hydrogen
32,32,http://fraunhofer.de/data/Green_hydrogen,http://fraunhofer.de/data,Green_hydrogen,http://www.w3.org/1999/02/22-rdf-syntax-ns#type,http://fraunhofer.de/MarketActivities/Customer,Green hydrogen,[],Hydrogen
33,33,http://fraunhofer.de/data/Geely_Hydrogen_Fuel_Cell,http://fraunhofer.de/data,Geely_Hydrogen_Fuel_Cell,http://www.w3.org/1999/02/22-rdf-syntax-ns#type,http://www.semanticweb.org/neunsinger/ontologies/2022/2.0/HydrogenOntology#Product,Geely Hydrogen Fuel Cell,[],Fuel_Cell
34,34,http://fraunhofer.de/data/a_six-seater_propeller_plane_powered_by_hydrogen,http://fraunhofer.de/data,a_six_seater_propeller_plane_powered_by_hydrogen,http://www.w3.org/1999/02/22-rdf-syntax-ns#type,http://www.semanticweb.org/neunsinger/ontologies/2022/2.0/HydrogenOntology#Aircraft,a six seater propeller plane powered by hydrogen,"[('six', 'CARDINAL')]",Plane
35,35,http://fraunhofer.de/data/hydrogen_fuel_cell,http://fraunhofer.de/data,hydrogen_fuel_cell,http://www.w3.org/1999/02/22-rdf-syntax-ns#type,http://fraunhofer.de/MarketActivities/inResearch,hydrogen fuel cell,[],Fuel_Cell
36,36,http://fraunhofer.de/data/hydrogen_projects,http://fraunhofer.de/data,hydrogen_projects,http://www.w3.org/1999/02/22-rdf-syntax-ns#type,http://fraunhofer.de/MarketActivities/inProduction,hydrogen projects,[],Hydrogen
37,37,http://fraunhofer.de/data/Hydrogen_%26_Fuel_Cells,http://fraunhofer.de/data,Hydrogen___Fuel_Cells,http://www.w3.org/1999/02/22-rdf-syntax-ns#type,http://fraunhofer.de/MarketActivities/Researcher,Hydrogen   Fuel Cells,[],Fuel_Cell
38,38,http://fraunhofer.de/data/Switch_to_Hydrogen_Buses,http://fraunhofer.de/data,Switch_to_Hydrogen_Buses,http://www.w3.org/1999/02/22-rdf-syntax-ns#type,http://www.semanticweb.org/neunsinger/ontologies/2022/2.0/HydrogenOntology#Bus,Switch to Hydrogen Buses,"[('Hydrogen Buses', 'ORG')]",Bus
39,39,https://www.okotokstoday.ca/national-business/canadian-pacific-to-pilot-hydrogen-powered-train-to-decarbonize-freight-transport-3195995,https://www.okotokstoday.ca/national-business,canadian_pacific_to_pilot_hydrogen_powered_train_to_decarbonize_freight_transport_3195995,http://www.w3.org/1999/02/22-rdf-syntax-ns#type,http://purl.org/dc/terms/BibliographicResource,canadian pacific to pilot hydrogen powered train to decarbonize freight transport 3195995,"[('canadian', 'NORP'), ('3195995', 'DATE')]",Transportation
40,40,http://ciltuk.org.uk/News/LatestNews/TabId/235/ArtMID/6887/ArticleID/8897/Government-to-roll-out-promotion-of-hydrogen-efficient-fleets.aspx,http://ciltuk.org.uk/News/LatestNews/TabId/235/ArtMID/6887/ArticleID/8897,Government_to_roll_out_promotion_of_hydrogen_efficient_fleets_aspx,http://www.w3.org/1999/02/22-rdf-syntax-ns#type,http://purl.org/dc/terms/BibliographicResource,Government to roll out promotion of hydrogen efficient fleets aspx,[],Fleet
41,41,http://fraunhofer.de/data/1st_Hydrogen_NEXO_Vehicle,http://fraunhofer.de/data,1st_Hydrogen_NEXO_Vehicle,http://www.w3.org/1999/02/22-rdf-syntax-ns#type,http://www.semanticweb.org/neunsinger/ontologies/2022/2.0/HydrogenOntology#Road,1st Hydrogen NEXO Vehicle,"[('1st', 'ORDINAL')]",NEXO
42,42,http://fraunhofer.de/data/Hydrogen_and_Fuel_Cell_Technologies,http://fraunhofer.de/data,Hydrogen_and_Fuel_Cell_Technologies,http://www.w3.org/1999/02/22-rdf-syntax-ns#type,http://fraunhofer.de/MarketActivities/inResearch,Hydrogen and Fuel Cell Technologies,"[('Hydrogen', 'ORG'), ('Fuel Cell Technologies', 'ORG')]",Fuel_Cell
43,43,http://fraunhofer.de/data/Green_hydrogen,http://fraunhofer.de/data,Green_hydrogen,http://www.w3.org/1999/02/22-rdf-syntax-ns#type,http://fraunhofer.de/MarketActivities/inProduction,Green hydrogen,[],Hydrogen
44,44,http://fraunhofer.de/data/HyET_Hydrogen,http://fraunhofer.de/data,HyET_Hydrogen,http://www.w3.org/1999/02/22-rdf-syntax-ns#type,http://fraunhofer.de/MarketActivities/Supplier,HyET Hydrogen,"[('HyET Hydrogen', 'ORG')]",HyET_Hydrogen
45,45,http://fraunhofer.de/data/hydrogen_transportation,http://fraunhofer.de/data,hydrogen_transportation,http://www.w3.org/1999/02/22-rdf-syntax-ns#type,http://fraunhofer.de/MarketActivities/inResearch,hydrogen transportation,[],Transportation
46,46,http://fraunhofer.de/data/carbon-free_hydrogen,http://fraunhofer.de/data,carbon_free_hydrogen,http://www.w3.org/1999/02/22-rdf-syntax-ns#type,http://www.semanticweb.org/neunsinger/ontologies/2022/2.0/HydrogenOntology#Car,carbon free hydrogen,[],Hydrogen
47,47,http://fraunhofer.de/data/Green_Hydrogen,http://fraunhofer.de/data,Green_Hydrogen,http://www.w3.org/1999/02/22-rdf-syntax-ns#type,http://fraunhofer.de/MarketActivities/Researcher,Green Hydrogen,"[('Green Hydrogen', 'ORG')]",Hydrogen
48,48,http://fraunhofer.de/data/Hydrogen_Fuel_Cell,http://fraunhofer.de/data,Hydrogen_Fuel_Cell,http://www.w3.org/1999/02/22-rdf-syntax-ns#type,http://fraunhofer.de/MarketActivities/Researcher,Hydrogen Fuel Cell,[],Fuel_Cell
49,49,http://fraunhofer.de/data/hydrogen_fuel_%2C,http://fraunhofer.de/data,hydrogen_fuel__,http://www.w3.org/1999/02/22-rdf-syntax-ns#type,http://fraunhofer.de/MarketActivities/inTesting,hydrogen fuel  ,[],Fuel_Cell
50,50,http://fraunhofer.de/data/hydrogen_fuel_cell_system,http://fraunhofer.de/data,hydrogen_fuel_cell_system,http://www.w3.org/1999/02/22-rdf-syntax-ns#type,http://fraunhofer.de/MarketActivities/Researcher,hydrogen fuel cell system,[],Fuel_Cell
51,51,http://fraunhofer.de/data/Hydrogen,http://fraunhofer.de/data,Hydrogen,http://www.w3.org/1999/02/22-rdf-syntax-ns#type,http://fraunhofer.de/MarketActivities/Manufacturer,Hydrogen,"[('Hydrogen', 'ORG')]",Hydrogen
52,52,http://fraunhofer.de/data/hydrogen_and_fuel,http://fraunhofer.de/data,hydrogen_and_fuel,http://www.w3.org/1999/02/22-rdf-syntax-ns#type,http://fraunhofer.de/MarketActivities/inProduction,hydrogen and fuel,[],Fuel_Cell
53,53,http://fraunhofer.de/data/hydrogen_technology,http://fraunhofer.de/data,hydrogen_technology,http://www.w3.org/1999/02/22-rdf-syntax-ns#type,http://www.semanticweb.org/neunsinger/ontologies/2022/2.0/HydrogenOntology#Product,hydrogen technology,[],Technology
54,54,http://fraunhofer.de/data/hydrogen_transportation,http://fraunhofer.de/data,hydrogen_transportation,http://www.w3.org/1999/02/22-rdf-syntax-ns#type,http://www.semanticweb.org/neunsinger/ontologies/2022/2.0/HydrogenOntology#Mobile,hydrogen transportation,[],Transportation
55,55,http://fraunhofer.de/data/Hydrogen_NEXO_Vehicle_POSCO,http://fraunhofer.de/data,Hydrogen_NEXO_Vehicle_POSCO,http://www.w3.org/1999/02/22-rdf-syntax-ns#type,http://www.semanticweb.org/neunsinger/ontologies/2022/2.0/HydrogenOntology#Road,Hydrogen NEXO Vehicle POSCO,"[('Hydrogen NEXO Vehicle', 'ORG')]",NEXO
56,56,http://fraunhofer.de/data/hydrogen_production,http://fraunhofer.de/data,hydrogen_production,http://www.w3.org/1999/02/22-rdf-syntax-ns#type,http://fraunhofer.de/MarketActivities/Researcher,hydrogen production,[],Hydrogen
57,57,http://fraunhofer.de/data/hydrogen_projects,http://fraunhofer.de/data,hydrogen_projects,http://www.w3.org/1999/02/22-rdf-syntax-ns#type,http://schema.org/Project,hydrogen projects,[],Hydrogen
58,58,http://fraunhofer.de/data/hydrogen,http://fraunhofer.de/data,hydrogen,http://www.w3.org/1999/02/22-rdf-syntax-ns#type,http://fraunhofer.de/MarketActivities/Researcher,hydrogen,[],Hydrogen
59,59,http://fraunhofer.de/data/high_pressure_hydrogen_tanks,http://fraunhofer.de/data,high_pressure_hydrogen_tanks,http://www.w3.org/1999/02/22-rdf-syntax-ns#type,http://fraunhofer.de/MarketActivities/inTesting,high pressure hydrogen tanks,[],Tank
60,60,http://fraunhofer.de/data/HyET_Hydrogen,http://fraunhofer.de/data,HyET_Hydrogen,http://www.w3.org/1999/02/22-rdf-syntax-ns#type,http://fraunhofer.de/MarketActivities/Researcher,HyET Hydrogen,"[('HyET Hydrogen', 'ORG')]",HyET_Hydrogen
61,61,http://fraunhofer.de/data/Renewable_hydrogen,http://fraunhofer.de/data,Renewable_hydrogen,http://www.w3.org/1999/02/22-rdf-syntax-ns#type,http://fraunhofer.de/MarketActivities/Supplier,Renewable hydrogen,[],Hydrogen
62,62,http://fraunhofer.de/data/hydrogen_in,http://fraunhofer.de/data,hydrogen_in,http://www.w3.org/1999/02/22-rdf-syntax-ns#type,http://fraunhofer.de/MarketActivities/Customer,hydrogen in,[],Hydrogen
63,63,http://fraunhofer.de/data/hydrogen_fuel_cells,http://fraunhofer.de/data,hydrogen_fuel_cells,http://www.w3.org/1999/02/22-rdf-syntax-ns#type,http://www.semanticweb.org/neunsinger/ontologies/2022/2.0/HydrogenOntology#Product,hydrogen fuel cells,[],Fuel_Cell
64,64,http://fraunhofer.de/data/hydrogen_train,http://fraunhofer.de/data,hydrogen_train,http://www.w3.org/1999/02/22-rdf-syntax-ns#type,http://www.semanticweb.org/neunsinger/ontologies/2022/2.0/HydrogenOntology#Train,hydrogen train,[],Train
65,65,http://fraunhofer.de/data/Heavy_Duty_Vehicles-Hydrogen,http://fraunhofer.de/data,Heavy_Duty_Vehicles_Hydrogen,http://www.w3.org/1999/02/22-rdf-syntax-ns#type,http://www.semanticweb.org/neunsinger/ontologies/2022/2.0/HydrogenOntology#Road,Heavy Duty Vehicles Hydrogen,"[('Heavy Duty Vehicles Hydrogen', 'ORG')]",Vehicle
66,66,http://fraunhofer.de/data/hydrogen_fuel_and,http://fraunhofer.de/data,hydrogen_fuel_and,http://www.w3.org/1999/02/22-rdf-syntax-ns#type,http://fraunhofer.de/MarketActivities/inProduction,hydrogen fuel and,[],Fuel_Cell
67,67,http://fraunhofer.de/data/hydrogen_fuel_cell,http://fraunhofer.de/data,hydrogen_fuel_cell,http://www.w3.org/1999/02/22-rdf-syntax-ns#type,http://fraunhofer.de/MarketActivities/Supplier,hydrogen fuel cell,[],Fuel_Cell
68,68,http://fraunhofer.de/data/hydrogen_trains,http://fraunhofer.de/data,hydrogen_trains,http://www.w3.org/1999/02/22-rdf-syntax-ns#type,http://fraunhofer.de/MarketActivities/inResearch,hydrogen trains,[],Train
69,69,http://fraunhofer.de/data/Hydrogen_Infrastructure,http://fraunhofer.de/data,Hydrogen_Infrastructure,http://www.w3.org/1999/02/22-rdf-syntax-ns#type,http://fraunhofer.de/MarketActivities/Supplier,Hydrogen Infrastructure,"[('Hydrogen Infrastructure', 'ORG')]",Infrastructure
70,70,http://fraunhofer.de/data/hydrogen_fuel,http://fraunhofer.de/data,hydrogen_fuel,http://www.w3.org/1999/02/22-rdf-syntax-ns#type,http://fraunhofer.de/MarketActivities/Researcher,hydrogen fuel,[],Fuel_Cell
71,71,http://fraunhofer.de/data/Hydrogen_Fuel_Cell_Buses,http://fraunhofer.de/data,Hydrogen_Fuel_Cell_Buses,http://www.w3.org/1999/02/22-rdf-syntax-ns#type,http://fraunhofer.de/MarketActivities/inProduction,Hydrogen Fuel Cell Buses,[],Fuel_Cell
72,72,http://fraunhofer.de/data/green_hydrogen,http://fraunhofer.de/data,green_hydrogen,http://www.w3.org/1999/02/22-rdf-syntax-ns#type,http://fraunhofer.de/MarketActivities/inTesting,green hydrogen,[],Hydrogen
73,73,http://fraunhofer.de/data/hydrogen_fuel_%2C,http://fraunhofer.de/data,hydrogen_fuel__,http://www.w3.org/1999/02/22-rdf-syntax-ns#type,http://fraunhofer.de/MarketActivities/inProduction,hydrogen fuel  ,[],Fuel_Cell
74,74,http://fraunhofer.de/data/Hydrogen_fuel_cars,http://fraunhofer.de/data,Hydrogen_fuel_cars,http://www.w3.org/1999/02/22-rdf-syntax-ns#type,http://www.semanticweb.org/neunsinger/ontologies/2022/2.0/HydrogenOntology#Car,Hydrogen fuel cars,[],Fuel_Cell
75,75,http://fraunhofer.de/data/hydrogen-bond_donor_scaffolds,http://fraunhofer.de/data,hydrogen_bond_donor_scaffolds,http://www.w3.org/1999/02/22-rdf-syntax-ns#type,http://fraunhofer.de/MarketActivities/inResearch,hydrogen bond donor scaffolds,[],Hydrogen
76,76,http://fraunhofer.de/data/green_hydrogen,http://fraunhofer.de/data,green_hydrogen,http://www.w3.org/1999/02/22-rdf-syntax-ns#type,http://fraunhofer.de/MarketActivities/Customer,green hydrogen,[],Hydrogen
77,77,http://fraunhofer.de/data/contribute_to_the_development_of_zero-carbon_hydrogen,http://fraunhofer.de/data,contribute_to_the_development_of_zero_carbon_hydrogen,http://www.w3.org/1999/02/22-rdf-syntax-ns#type,http://www.semanticweb.org/neunsinger/ontologies/2022/2.0/HydrogenOntology#Bus,contribute to the development of zero carbon hydrogen,"[('zero', 'CARDINAL')]",Hydrogen
78,78,http://fraunhofer.de/data/Include_Hydrogen,http://fraunhofer.de/data,Include_Hydrogen,http://www.w3.org/1999/02/22-rdf-syntax-ns#type,http://fraunhofer.de/MarketActivities/inProduction,Include Hydrogen,"[('Include Hydrogen', 'ORG')]",Hydrogen
79,79,http://fraunhofer.de/data/hydrogen_technology,http://fraunhofer.de/data,hydrogen_technology,http://www.w3.org/1999/02/22-rdf-syntax-ns#type,http://fraunhofer.de/MarketActivities/Researcher,hydrogen technology,[],Technology
80,80,http://fraunhofer.de/data/Embracing_Hydrogen_and_Fuel_Cell_Technologies_Energy_Department,http://fraunhofer.de/data,Embracing_Hydrogen_and_Fuel_Cell_Technologies_Energy_Department,http://www.w3.org/1999/02/22-rdf-syntax-ns#type,http://www.semanticweb.org/neunsinger/ontologies/2022/2.0/HydrogenOntology#Product,Embracing Hydrogen and Fuel Cell Technologies Energy Department,"[('Fuel Cell Technologies Energy Department', 'ORG')]",Fuel_Cell
81,81,http://fraunhofer.de/data/Hydrogen_fuel_cells,http://fraunhofer.de/data,Hydrogen_fuel_cells,http://www.w3.org/1999/02/22-rdf-syntax-ns#type,http://fraunhofer.de/MarketActivities/inResearch,Hydrogen fuel cells,[],Fuel_Cell
82,82,http://fraunhofer.de/data/hydrogen_cars,http://fraunhofer.de/data,hydrogen_cars,http://www.w3.org/1999/02/22-rdf-syntax-ns#type,http://www.semanticweb.org/neunsinger/ontologies/2022/2.0/HydrogenOntology#Car,hydrogen cars,[],Car
83,83,http://fraunhofer.de/data/Hydrogen_plane,http://fraunhofer.de/data,Hydrogen_plane,http://www.w3.org/1999/02/22-rdf-syntax-ns#type,http://fraunhofer.de/MarketActivities/Manufacturer,Hydrogen plane,"[('Hydrogen', 'GPE')]",Plane
84,84,http://fraunhofer.de/data/renewable_and_low-carbon_hydrogen,http://fraunhofer.de/data,renewable_and_low_carbon_hydrogen,http://www.w3.org/1999/02/22-rdf-syntax-ns#type,http://www.semanticweb.org/neunsinger/ontologies/2022/2.0/HydrogenOntology#Car,renewable and low carbon hydrogen,[],Hydrogen
85,85,http://fraunhofer.de/data/hydrogen_fuel_cells,http://fraunhofer.de/data,hydrogen_fuel_cells,http://www.w3.org/1999/02/22-rdf-syntax-ns#type,http://fraunhofer.de/MarketActivities/Researcher,hydrogen fuel cells,[],Fuel_Cell
86,86,http://fraunhofer.de/data/Hydrogen,http://fraunhofer.de/data,Hydrogen,http://www.w3.org/1999/02/22-rdf-syntax-ns#type,http://fraunhofer.de/MarketActivities/inResearch,Hydrogen,"[('Hydrogen', 'ORG')]",Hydrogen
87,87,http://fraunhofer.de/data/green_hydrogen,http://fraunhofer.de/data,green_hydrogen,http://www.w3.org/1999/02/22-rdf-syntax-ns#type,http://fraunhofer.de/MarketActivities/inProduction,green hydrogen,[],Hydrogen
88,88,http://fraunhofer.de/data/green_hydrogen,http://fraunhofer.de/data,green_hydrogen,http://www.w3.org/1999/02/22-rdf-syntax-ns#type,http://fraunhofer.de/MarketActivities/Manufacturer,green hydrogen,[],Hydrogen
89,89,http://fraunhofer.de/data/Green_Hydrogen,http://fraunhofer.de/data,Green_Hydrogen,http://www.w3.org/1999/02/22-rdf-syntax-ns#type,http://fraunhofer.de/MarketActivities/inResearch,Green Hydrogen,"[('Green Hydrogen', 'ORG')]",Hydrogen
90,90,http://fraunhofer.de/data/Hydrogen_Fuel_Cell,http://fraunhofer.de/data,Hydrogen_Fuel_Cell,http://www.w3.org/1999/02/22-rdf-syntax-ns#type,http://fraunhofer.de/MarketActivities/inResearch,Hydrogen Fuel Cell,[],Fuel_Cell
91,91,http://fraunhofer.de/data/hydrogen_fuel_cell_system,http://fraunhofer.de/data,hydrogen_fuel_cell_system,http://www.w3.org/1999/02/22-rdf-syntax-ns#type,http://fraunhofer.de/MarketActivities/inResearch,hydrogen fuel cell system,[],Fuel_Cell
92,92,http://fraunhofer.de/data/carbon-free_hydrogen,http://fraunhofer.de/data,carbon_free_hydrogen,http://www.w3.org/1999/02/22-rdf-syntax-ns#type,http://fraunhofer.de/MarketActivities/inProduction,carbon free hydrogen,[],Hydrogen
93,93,http://fraunhofer.de/data/High_Pressure_Hydrogen_Tanks,http://fraunhofer.de/data,High_Pressure_Hydrogen_Tanks,http://www.w3.org/1999/02/22-rdf-syntax-ns#type,http://fraunhofer.de/MarketActivities/Supplier,High Pressure Hydrogen Tanks,[],Tank
94,94,http://fraunhofer.de/data/liquefied_hydrogen_carrier,http://fraunhofer.de/data,liquefied_hydrogen_carrier,http://www.w3.org/1999/02/22-rdf-syntax-ns#type,http://www.semanticweb.org/neunsinger/ontologies/2022/2.0/HydrogenOntology#Car,liquefied hydrogen carrier,[],Car
95,95,http://fraunhofer.de/data/hydrogen_train,http://fraunhofer.de/data,hydrogen_train,http://www.w3.org/1999/02/22-rdf-syntax-ns#type,http://fraunhofer.de/MarketActivities/inTesting,hydrogen train,[],Train
96,96,http://fraunhofer.de/data/hydrogen_production,http://fraunhofer.de/data,hydrogen_production,http://www.w3.org/1999/02/22-rdf-syntax-ns#type,http://fraunhofer.de/MarketActivities/inResearch,hydrogen production,[],Hydrogen
97,97,http://fraunhofer.de/data/hydrogen,http://fraunhofer.de/data,hydrogen,http://www.w3.org/1999/02/22-rdf-syntax-ns#type,http://fraunhofer.de/MarketActivities/inResearch,hydrogen,[],Hydrogen
98,98,http://fraunhofer.de/data/hydrogen_projects,http://fraunhofer.de/data,hydrogen_projects,http://www.w3.org/1999/02/22-rdf-syntax-ns#type,http://fraunhofer.de/MarketActivities/inTesting,hydrogen projects,[],Hydrogen
99,99,http://fraunhofer.de/data/hydrogen-powered_planes,http://fraunhofer.de/data,hydrogen_powered_planes,http://www.w3.org/1999/02/22-rdf-syntax-ns#type,http://www.semanticweb.org/neunsinger/ontologies/2022/2.0/HydrogenOntology#Aircraft,hydrogen powered planes,[],Plane
100,100,http://fraunhofer.de/data/Green_hydrogen,http://fraunhofer.de/data,Green_hydrogen,http://www.w3.org/1999/02/22-rdf-syntax-ns#type,http://www.semanticweb.org/neunsinger/ontologies/2022/2.0/HydrogenOntology#Conversion,Green hydrogen,[],Hydrogen
101,101,http://fraunhofer.de/data/Hydrogen_and_Fuel_Cell_Technologies,http://fraunhofer.de/data,Hydrogen_and_Fuel_Cell_Technologies,http://www.w3.org/1999/02/22-rdf-syntax-ns#type,http://fraunhofer.de/MarketActivities/inProduction,Hydrogen and Fuel Cell Technologies,"[('Hydrogen', 'ORG'), ('Fuel Cell Technologies', 'ORG')]",Fuel_Cell
102,102,http://fraunhofer.de/data/European_Clean_Hydrogen_Alliance,http://fraunhofer.de/data,European_Clean_Hydrogen_Alliance,http://www.w3.org/1999/02/22-rdf-syntax-ns#type,http://fraunhofer.de/MarketActivities/Researcher,European Clean Hydrogen Alliance,"[('European Clean Hydrogen Alliance', 'ORG')]",European_Clean_Hydrogen_Alliance
103,103,http://fraunhofer.de/data/%27green%27_hydrogen,http://fraunhofer.de/data,_green__hydrogen,http://www.w3.org/1999/02/22-rdf-syntax-ns#type,http://fraunhofer.de/MarketActivities/inTesting, green  hydrogen,[],Hydrogen
104,104,http://fraunhofer.de/data/hydrogen_transportation,http://fraunhofer.de/data,hydrogen_transportation,http://www.w3.org/1999/02/22-rdf-syntax-ns#type,http://fraunhofer.de/MarketActivities/inProduction,hydrogen transportation,[],Transportation
105,105,http://fraunhofer.de/data/the_%E2%80%9C_European_Clean_Hydrogen_Alliance,http://fraunhofer.de/data,the_____European_Clean_Hydrogen_Alliance,http://www.w3.org/1999/02/22-rdf-syntax-ns#type,http://fraunhofer.de/MarketActivities/inProduction,the     European Clean Hydrogen Alliance,"[('the     European Clean Hydrogen Alliance', 'ORG')]",European_Clean_Hydrogen_Alliance
106,106,http://fraunhofer.de/data/Green_hydrogen,http://fraunhofer.de/data,Green_hydrogen,http://www.w3.org/1999/02/22-rdf-syntax-ns#type,http://fraunhofer.de/MarketActivities/inTesting,Green hydrogen,[],Hydrogen
107,107,http://fraunhofer.de/data/hydrogen_fuel,http://fraunhofer.de/data,hydrogen_fuel,http://www.w3.org/1999/02/22-rdf-syntax-ns#type,http://fraunhofer.de/MarketActivities/inResearch,hydrogen fuel,[],Fuel_Cell
108,108,http://fraunhofer.de/data/highly-compressed_hydrogen,http://fraunhofer.de/data,highly_compressed_hydrogen,http://www.w3.org/1999/02/22-rdf-syntax-ns#type,http://fraunhofer.de/MarketActivities/inProduction,highly compressed hydrogen,[],Hydrogen
109,109,http://fraunhofer.de/data/Hydrogen_Fuel_Cell_Buses,http://fraunhofer.de/data,Hydrogen_Fuel_Cell_Buses,http://www.w3.org/1999/02/22-rdf-syntax-ns#type,http://www.semanticweb.org/neunsinger/ontologies/2022/2.0/HydrogenOntology#Product,Hydrogen Fuel Cell Buses,[],Fuel_Cell
110,110,http://fraunhofer.de/data/Embracing_Hydrogen_and_Fuel_Cell_Technologies_Energy_Department,http://fraunhofer.de/data,Embracing_Hydrogen_and_Fuel_Cell_Technologies_Energy_Department,http://www.w3.org/1999/02/22-rdf-syntax-ns#type,http://fraunhofer.de/MarketActivities/inProduction,Embracing Hydrogen and Fuel Cell Technologies Energy Department,"[('Fuel Cell Technologies Energy Department', 'ORG')]",Fuel_Cell
111,111,http://fraunhofer.de/data/Hydrogen_Fuel_Cell_Buses,http://fraunhofer.de/data,Hydrogen_Fuel_Cell_Buses,http://www.w3.org/1999/02/22-rdf-syntax-ns#type,http://www.semanticweb.org/neunsinger/ontologies/2022/2.0/HydrogenOntology#Bus,Hydrogen Fuel Cell Buses,[],Fuel_Cell
112,112,http://fraunhofer.de/data/renewable_and_low-carbon_hydrogen,http://fraunhofer.de/data,renewable_and_low_carbon_hydrogen,http://www.w3.org/1999/02/22-rdf-syntax-ns#type,http://fraunhofer.de/MarketActivities/inTesting,renewable and low carbon hydrogen,[],Hydrogen
113,113,http://fraunhofer.de/data/Hydrogen,http://fraunhofer.de/data,Hydrogen,http://www.w3.org/1999/02/22-rdf-syntax-ns#type,http://fraunhofer.de/MarketActivities/Supplier,Hydrogen,"[('Hydrogen', 'ORG')]",Hydrogen
114,114,http://fraunhofer.de/data/hydrogen_train,http://fraunhofer.de/data,hydrogen_train,http://www.w3.org/1999/02/22-rdf-syntax-ns#type,http://fraunhofer.de/MarketActivities/inProduction,hydrogen train,[],Train
115,115,http://fraunhofer.de/data/Heavy_Duty_Vehicles-Hydrogen,http://fraunhofer.de/data,Heavy_Duty_Vehicles_Hydrogen,http://www.w3.org/1999/02/22-rdf-syntax-ns#type,http://www.semanticweb.org/neunsinger/ontologies/2022/2.0/HydrogenOntology#Truck,Heavy Duty Vehicles Hydrogen,"[('Heavy Duty Vehicles Hydrogen', 'ORG')]",Vehicle
116,116,http://fraunhofer.de/data/Hydrogen_Cars,http://fraunhofer.de/data,Hydrogen_Cars,http://www.w3.org/1999/02/22-rdf-syntax-ns#type,http://www.semanticweb.org/neunsinger/ontologies/2022/2.0/HydrogenOntology#Car,Hydrogen Cars,[],Car
117,117,http://fraunhofer.de/data/new_hydrogen_vehicle,http://fraunhofer.de/data,new_hydrogen_vehicle,http://www.w3.org/1999/02/22-rdf-syntax-ns#type,http://fraunhofer.de/MarketActivities/inProduction,new hydrogen vehicle,[],Vehicle
118,118,http://fraunhofer.de/data/Green_Hydrogen,http://fraunhofer.de/data,Green_Hydrogen,http://www.w3.org/1999/02/22-rdf-syntax-ns#type,http://fraunhofer.de/MarketActivities/Supplier,Green Hydrogen,"[('Green Hydrogen', 'ORG')]",Hydrogen
119,119,http://fraunhofer.de/data/The_Clean_Hydrogen_Alliance,http://fraunhofer.de/data,The_Clean_Hydrogen_Alliance,http://www.w3.org/1999/02/22-rdf-syntax-ns#type,http://fraunhofer.de/MarketActivities/Researcher,The Clean Hydrogen Alliance,"[('The Clean Hydrogen Alliance', 'ORG')]",European_Clean_Hydrogen_Alliance
120,120,http://fraunhofer.de/data/hydrogen_projects,http://fraunhofer.de/data,hydrogen_projects,http://www.w3.org/1999/02/22-rdf-syntax-ns#type,http://fraunhofer.de/MarketActivities/Manufacturer,hydrogen projects,[],Hydrogen
121,121,http://fraunhofer.de/data/hydrogen_fuel_cell_system,http://fraunhofer.de/data,hydrogen_fuel_cell_system,http://www.w3.org/1999/02/22-rdf-syntax-ns#type,http://fraunhofer.de/MarketActivities/Supplier,hydrogen fuel cell system,[],Fuel_Cell
122,122,http://fraunhofer.de/data/hydrogen_and_fuel_cell_technologies,http://fraunhofer.de/data,hydrogen_and_fuel_cell_technologies,http://www.w3.org/1999/02/22-rdf-syntax-ns#type,http://fraunhofer.de/MarketActivities/inTesting,hydrogen and fuel cell technologies,[],Fuel_Cell
123,123,http://fraunhofer.de/data/hydrogen_technology,http://fraunhofer.de/data,hydrogen_technology,http://www.w3.org/1999/02/22-rdf-syntax-ns#type,http://fraunhofer.de/MarketActivities/inResearch,hydrogen technology,[],Technology
124,124,http://fraunhofer.de/data/zero-carbon_hydrogen_solutions,http://fraunhofer.de/data,zero_carbon_hydrogen_solutions,http://www.w3.org/1999/02/22-rdf-syntax-ns#type,http://www.semanticweb.org/neunsinger/ontologies/2022/2.0/HydrogenOntology#Car,zero carbon hydrogen solutions,"[('zero', 'CARDINAL')]",Hydrogen
125,125,http://fraunhofer.de/data/hydrogen_fuel_and,http://fraunhofer.de/data,hydrogen_fuel_and,http://www.w3.org/1999/02/22-rdf-syntax-ns#type,http://fraunhofer.de/MarketActivities/inTesting,hydrogen fuel and,[],Fuel_Cell
126,126,http://fraunhofer.de/data/hydrogen_production,http://fraunhofer.de/data,hydrogen_production,http://www.w3.org/1999/02/22-rdf-syntax-ns#type,http://fraunhofer.de/MarketActivities/Supplier,hydrogen production,[],Hydrogen
127,127,http://fraunhofer.de/data/%27green%27_hydrogen,http://fraunhofer.de/data,_green__hydrogen,http://www.w3.org/1999/02/22-rdf-syntax-ns#type,http://fraunhofer.de/MarketActivities/inProduction, green  hydrogen,[],Hydrogen
128,128,http://fraunhofer.de/data/hydrogen,http://fraunhofer.de/data,hydrogen,http://www.w3.org/1999/02/22-rdf-syntax-ns#type,http://fraunhofer.de/MarketActivities/Supplier,hydrogen,[],Hydrogen
129,129,http://fraunhofer.de/data/Hydrogen_fuel_cells,http://fraunhofer.de/data,Hydrogen_fuel_cells,http://www.w3.org/1999/02/22-rdf-syntax-ns#type,http://fraunhofer.de/MarketActivities/Customer,Hydrogen fuel cells,[],Fuel_Cell
130,130,http://fraunhofer.de/data/Embracing_Hydrogen_and_Fuel_Cell_Technologies_Energy_Department,http://fraunhofer.de/data,Embracing_Hydrogen_and_Fuel_Cell_Technologies_Energy_Department,http://www.w3.org/1999/02/22-rdf-syntax-ns#type,http://www.semanticweb.org/neunsinger/ontologies/2022/2.0/HydrogenOntology#Reconversion,Embracing Hydrogen and Fuel Cell Technologies Energy Department,"[('Fuel Cell Technologies Energy Department', 'ORG')]",Fuel_Cell
131,131,http://fraunhofer.de/data/Green_hydrogen,http://fraunhofer.de/data,Green_hydrogen,http://www.w3.org/1999/02/22-rdf-syntax-ns#type,http://fraunhofer.de/MarketActivities/Manufacturer,Green hydrogen,[],Hydrogen
132,132,http://fraunhofer.de/data/Hydrogen,http://fraunhofer.de/data,Hydrogen,http://www.w3.org/1999/02/22-rdf-syntax-ns#type,http://fraunhofer.de/MarketActivities/Researcher,Hydrogen,"[('Hydrogen', 'ORG')]",Hydrogen
133,133,http://fraunhofer.de/data/hydrogen_fuel_cells,http://fraunhofer.de/data,hydrogen_fuel_cells,http://www.w3.org/1999/02/22-rdf-syntax-ns#type,http://fraunhofer.de/MarketActivities/inResearch,hydrogen fuel cells,[],Fuel_Cell
134,134,http://fraunhofer.de/data/hydrogen_tank,http://fraunhofer.de/data,hydrogen_tank,http://www.w3.org/1999/02/22-rdf-syntax-ns#type,http://fraunhofer.de/MarketActivities/inResearch,hydrogen tank,[],Tank
135,135,http://fraunhofer.de/data/renewable_and_low-carbon_hydrogen,http://fraunhofer.de/data,renewable_and_low_carbon_hydrogen,http://www.w3.org/1999/02/22-rdf-syntax-ns#type,http://fraunhofer.de/MarketActivities/inProduction,renewable and low carbon hydrogen,[],Hydrogen
136,136,https://www.onenewspage.com/n/Automotive/1zlv34pk9q/Initiative-seeks-to-reduce-green-hydrogen-cost.htm,https://www.onenewspage.com/n/Automotive/1zlv34pk9q,Initiative_seeks_to_reduce_green_hydrogen_cost_htm,http://www.w3.org/1999/02/22-rdf-syntax-ns#type,http://purl.org/dc/terms/BibliographicResource,Initiative seeks to reduce green hydrogen cost htm,[],Hydrogen
137,137,http://fraunhofer.de/data/hydrogen_and_fuel_cell_technologies,http://fraunhofer.de/data,hydrogen_and_fuel_cell_technologies,http://www.w3.org/1999/02/22-rdf-syntax-ns#type,http://fraunhofer.de/MarketActivities/inProduction,hydrogen and fuel cell technologies,[],Fuel_Cell
138,138,http://fraunhofer.de/data/Hydrogen_fuel_cells,http://fraunhofer.de/data,Hydrogen_fuel_cells,http://www.w3.org/1999/02/22-rdf-syntax-ns#type,http://fraunhofer.de/MarketActivities/inProduction,Hydrogen fuel cells,[],Fuel_Cell
139,139,http://fraunhofer.de/data/HyET_Hydrogen,http://fraunhofer.de/data,HyET_Hydrogen,http://www.w3.org/1999/02/22-rdf-syntax-ns#type,http://fraunhofer.de/MarketActivities/Customer,HyET Hydrogen,"[('HyET Hydrogen', 'ORG')]",HyET_Hydrogen
140,140,http://fraunhofer.de/data/green_hydrogen,http://fraunhofer.de/data,green_hydrogen,http://www.w3.org/1999/02/22-rdf-syntax-ns#type,http://www.semanticweb.org/neunsinger/ontologies/2022/2.0/HydrogenOntology#Conversion,green hydrogen,[],Hydrogen
141,141,http://fraunhofer.de/data/hydrogen_trains,http://fraunhofer.de/data,hydrogen_trains,http://www.w3.org/1999/02/22-rdf-syntax-ns#type,http://www.semanticweb.org/neunsinger/ontologies/2022/2.0/HydrogenOntology#Train,hydrogen trains,[],Train
142,142,http://fraunhofer.de/data/hydrogen_production,http://fraunhofer.de/data,hydrogen_production,http://www.w3.org/1999/02/22-rdf-syntax-ns#type,http://www.semanticweb.org/neunsinger/ontologies/2022/2.0/HydrogenOntology#HydrogenProduct,hydrogen production,[],Hydrogen
143,143,http://fraunhofer.de/data/hydrogen_technology,http://fraunhofer.de/data,hydrogen_technology,http://www.w3.org/1999/02/22-rdf-syntax-ns#type,http://fraunhofer.de/MarketActivities/Supplier,hydrogen technology,[],Technology
144,144,http://fraunhofer.de/data/Hydrogen_Peroxide,http://fraunhofer.de/data,Hydrogen_Peroxide,http://www.w3.org/1999/02/22-rdf-syntax-ns#type,http://fraunhofer.de/MarketActivities/inResearch,Hydrogen Peroxide,[],Hydrogen
145,145,http://fraunhofer.de/data/Hydrogen_and_Fuel_Cell_Technologies,http://fraunhofer.de/data,Hydrogen_and_Fuel_Cell_Technologies,http://www.w3.org/1999/02/22-rdf-syntax-ns#type,http://www.semanticweb.org/neunsinger/ontologies/2022/2.0/HydrogenOntology#Product,Hydrogen and Fuel Cell Technologies,"[('Hydrogen', 'ORG'), ('Fuel Cell Technologies', 'ORG')]",Fuel_Cell
146,146,http://fraunhofer.de/data/Renewable_hydrogen,http://fraunhofer.de/data,Renewable_hydrogen,http://www.w3.org/1999/02/22-rdf-syntax-ns#type,http://fraunhofer.de/MarketActivities/inTesting,Renewable hydrogen,[],Hydrogen
147,147,http://fraunhofer.de/data/hydrogen_in,http://fraunhofer.de/data,hydrogen_in,http://www.w3.org/1999/02/22-rdf-syntax-ns#type,http://fraunhofer.de/MarketActivities/Researcher,hydrogen in,[],Hydrogen
148,148,http://fraunhofer.de/data/Hydrogen_Evolution,http://fraunhofer.de/data,Hydrogen_Evolution,http://www.w3.org/1999/02/22-rdf-syntax-ns#type,http://www.semanticweb.org/neunsinger/ontologies/2022/2.0/HydrogenOntology#Road,Hydrogen Evolution,"[('Hydrogen Evolution', 'ORG')]",Hydrogen
149,149,http://fraunhofer.de/data/hydrogen_in,http://fraunhofer.de/data,hydrogen_in,http://www.w3.org/1999/02/22-rdf-syntax-ns#type,http://fraunhofer.de/MarketActivities/Manufacturer,hydrogen in,[],Hydrogen
150,150,http://fraunhofer.de/data/hydrogen_fuel_cell,http://fraunhofer.de/data,hydrogen_fuel_cell,http://www.w3.org/1999/02/22-rdf-syntax-ns#type,http://fraunhofer.de/MarketActivities/inTesting,hydrogen fuel cell,[],Fuel_Cell
151,151,http://fraunhofer.de/data/contribute_to_the_development_of_zero-carbon_hydrogen,http://fraunhofer.de/data,contribute_to_the_development_of_zero_carbon_hydrogen,http://www.w3.org/1999/02/22-rdf-syntax-ns#type,http://www.semanticweb.org/neunsinger/ontologies/2022/2.0/HydrogenOntology#Road,contribute to the development of zero carbon hydrogen,"[('zero', 'CARDINAL')]",Hydrogen
152,152,http://fraunhofer.de/data/Hydrogen_Fuel_Cell_Buses,http://fraunhofer.de/data,Hydrogen_Fuel_Cell_Buses,http://www.w3.org/1999/02/22-rdf-syntax-ns#type,http://www.semanticweb.org/neunsinger/ontologies/2022/2.0/HydrogenOntology#Reconversion,Hydrogen Fuel Cell Buses,[],Fuel_Cell
153,153,http://fraunhofer.de/data/hydrogen_fuel_cell,http://fraunhofer.de/data,hydrogen_fuel_cell,http://www.w3.org/1999/02/22-rdf-syntax-ns#type,http://fraunhofer.de/MarketActivities/Customer,hydrogen fuel cell,[],Fuel_Cell
154,154,http://fraunhofer.de/data/Hydrogen_Infrastructure,http://fraunhofer.de/data,Hydrogen_Infrastructure,http://www.w3.org/1999/02/22-rdf-syntax-ns#type,http://fraunhofer.de/MarketActivities/Customer,Hydrogen Infrastructure,"[('Hydrogen Infrastructure', 'ORG')]",Infrastructure
155,155,http://fraunhofer.de/data/Hydrogen_and_Fuel_Cell_Technologies,http://fraunhofer.de/data,Hydrogen_and_Fuel_Cell_Technologies,http://www.w3.org/1999/02/22-rdf-syntax-ns#type,http://fraunhofer.de/MarketActivities/inTesting,Hydrogen and Fuel Cell Technologies,"[('Hydrogen', 'ORG'), ('Fuel Cell Technologies', 'ORG')]",Fuel_Cell
156,156,http://fraunhofer.de/data/hydrogen_fueling_stations,http://fraunhofer.de/data,hydrogen_fueling_stations,http://www.w3.org/1999/02/22-rdf-syntax-ns#type,http://fraunhofer.de/MarketActivities/Supplier,hydrogen fueling stations,[],Fuel_Cell
157,157,http://fraunhofer.de/data/Hydrogen_NEXO_Vehicle_POSCO,http://fraunhofer.de/data,Hydrogen_NEXO_Vehicle_POSCO,http://www.w3.org/1999/02/22-rdf-syntax-ns#type,http://fraunhofer.de/MarketActivities/Customer,Hydrogen NEXO Vehicle POSCO,"[('Hydrogen NEXO Vehicle', 'ORG')]",NEXO
158,158,http://fraunhofer.de/data/Hydrogen_Evolution,http://fraunhofer.de/data,Hydrogen_Evolution,http://www.w3.org/1999/02/22-rdf-syntax-ns#type,http://fraunhofer.de/MarketActivities/Supplier,Hydrogen Evolution,"[('Hydrogen Evolution', 'ORG')]",Hydrogen
159,159,http://fraunhofer.de/data/green_hydrogen,http://fraunhofer.de/data,green_hydrogen,http://www.w3.org/1999/02/22-rdf-syntax-ns#type,http://fraunhofer.de/MarketActivities/Researcher,green hydrogen,[],Hydrogen
160,160,http://fraunhofer.de/data/Renewable_hydrogen,http://fraunhofer.de/data,Renewable_hydrogen,http://www.w3.org/1999/02/22-rdf-syntax-ns#type,http://fraunhofer.de/MarketActivities/inProduction,Renewable hydrogen,[],Hydrogen
161,161,http://fraunhofer.de/data/hydrogen_and_fuel,http://fraunhofer.de/data,hydrogen_and_fuel,http://www.w3.org/1999/02/22-rdf-syntax-ns#type,http://fraunhofer.de/MarketActivities/inResearch,hydrogen and fuel,[],Fuel_Cell
162,162,http://fraunhofer.de/data/Renewable_hydrogen,http://fraunhofer.de/data,Renewable_hydrogen,http://www.w3.org/1999/02/22-rdf-syntax-ns#type,http://fraunhofer.de/MarketActivities/Manufacturer,Renewable hydrogen,[],Hydrogen
163,163,http://fraunhofer.de/data/European_Clean_Hydrogen_Alliance,http://fraunhofer.de/data,European_Clean_Hydrogen_Alliance,http://www.w3.org/1999/02/22-rdf-syntax-ns#type,http://fraunhofer.de/MarketActivities/Supplier,European Clean Hydrogen Alliance,"[('European Clean Hydrogen Alliance', 'ORG')]",European_Clean_Hydrogen_Alliance
164,164,http://fraunhofer.de/data/hydrogen_technology,http://fraunhofer.de/data,hydrogen_technology,http://www.w3.org/1999/02/22-rdf-syntax-ns#type,http://www.semanticweb.org/neunsinger/ontologies/2022/2.0/HydrogenOntology#HydrogenProduct,hydrogen technology,[],Technology
165,165,http://fraunhofer.de/data/hydrogen_fuel_cell,http://fraunhofer.de/data,hydrogen_fuel_cell,http://www.w3.org/1999/02/22-rdf-syntax-ns#type,http://fraunhofer.de/MarketActivities/inProduction,hydrogen fuel cell,[],Fuel_Cell
166,166,http://fraunhofer.de/data/Hydrogen_Peroxide,http://fraunhofer.de/data,Hydrogen_Peroxide,http://www.w3.org/1999/02/22-rdf-syntax-ns#type,http://fraunhofer.de/MarketActivities/Supplier,Hydrogen Peroxide,[],Hydrogen
167,167,http://fraunhofer.de/data/zero-carbon_hydrogen,http://fraunhofer.de/data,zero_carbon_hydrogen,http://www.w3.org/1999/02/22-rdf-syntax-ns#type,http://www.semanticweb.org/neunsinger/ontologies/2022/2.0/HydrogenOntology#Car,zero carbon hydrogen,"[('zero', 'CARDINAL')]",Hydrogen
168,168,http://fraunhofer.de/data/hydrogen_trains,http://fraunhofer.de/data,hydrogen_trains,http://www.w3.org/1999/02/22-rdf-syntax-ns#type,http://fraunhofer.de/MarketActivities/inTesting,hydrogen trains,[],Train
169,169,http://fraunhofer.de/data/hydrogen_projects,http://fraunhofer.de/data,hydrogen_projects,http://www.w3.org/1999/02/22-rdf-syntax-ns#type,http://fraunhofer.de/MarketActivities/Supplier,hydrogen projects,[],Hydrogen
170,170,http://fraunhofer.de/data/hydrogen_fuel_cell,http://fraunhofer.de/data,hydrogen_fuel_cell,http://www.w3.org/1999/02/22-rdf-syntax-ns#type,http://www.semanticweb.org/neunsinger/ontologies/2022/2.0/HydrogenOntology#Reconversion,hydrogen fuel cell,[],Fuel_Cell
171,171,http://fraunhofer.de/data/Hydrogen_fuel_cells,http://fraunhofer.de/data,Hydrogen_fuel_cells,http://www.w3.org/1999/02/22-rdf-syntax-ns#type,http://www.semanticweb.org/neunsinger/ontologies/2022/2.0/HydrogenOntology#Product,Hydrogen fuel cells,[],Fuel_Cell
172,172,http://fraunhofer.de/data/The_Clean_Hydrogen_Alliance,http://fraunhofer.de/data,The_Clean_Hydrogen_Alliance,http://www.w3.org/1999/02/22-rdf-syntax-ns#type,http://fraunhofer.de/MarketActivities/Supplier,The Clean Hydrogen Alliance,"[('The Clean Hydrogen Alliance', 'ORG')]",European_Clean_Hydrogen_Alliance
173,173,http://fraunhofer.de/data/hydrogen_and_fuel_cell_technologies,http://fraunhofer.de/data,hydrogen_and_fuel_cell_technologies,http://www.w3.org/1999/02/22-rdf-syntax-ns#type,http://www.semanticweb.org/neunsinger/ontologies/2022/2.0/HydrogenOntology#Product,hydrogen and fuel cell technologies,[],Fuel_Cell
174,174,http://fraunhofer.de/data/hydrogen_fuel_%2C,http://fraunhofer.de/data,hydrogen_fuel__,http://www.w3.org/1999/02/22-rdf-syntax-ns#type,http://fraunhofer.de/MarketActivities/inResearch,hydrogen fuel  ,[],Fuel_Cell
175,175,http://fraunhofer.de/data/Green_hydrogen,http://fraunhofer.de/data,Green_hydrogen,http://www.w3.org/1999/02/22-rdf-syntax-ns#type,http://fraunhofer.de/MarketActivities/Supplier,Green hydrogen,[],Hydrogen
176,176,http://fraunhofer.de/data/hydrogen_train,http://fraunhofer.de/data,hydrogen_train,http://www.w3.org/1999/02/22-rdf-syntax-ns#type,http://fraunhofer.de/MarketActivities/Researcher,hydrogen train,[],Train
177,177,http://fraunhofer.de/data/high_pressure_hydrogen_tanks,http://fraunhofer.de/data,high_pressure_hydrogen_tanks,http://www.w3.org/1999/02/22-rdf-syntax-ns#type,http://fraunhofer.de/MarketActivities/inResearch,high pressure hydrogen tanks,[],Tank
178,178,http://fraunhofer.de/data/Hydrogen_and_Fuel_Cell_Technologies,http://fraunhofer.de/data,Hydrogen_and_Fuel_Cell_Technologies,http://www.w3.org/1999/02/22-rdf-syntax-ns#type,http://www.semanticweb.org/neunsinger/ontologies/2022/2.0/HydrogenOntology#Reconversion,Hydrogen and Fuel Cell Technologies,"[('Hydrogen', 'ORG'), ('Fuel Cell Technologies', 'ORG')]",Fuel_Cell
179,179,http://fraunhofer.de/data/hydrogen_transportation,http://fraunhofer.de/data,hydrogen_transportation,http://www.w3.org/1999/02/22-rdf-syntax-ns#type,http://www.semanticweb.org/neunsinger/ontologies/2022/2.0/HydrogenOntology#Transport,hydrogen transportation,[],Transportation
180,180,http://fraunhofer.de/data/Development_of_a_Hydrogen_Infrastructure,http://fraunhofer.de/data,Development_of_a_Hydrogen_Infrastructure,http://www.w3.org/1999/02/22-rdf-syntax-ns#type,http://www.semanticweb.org/neunsinger/ontologies/2022/2.0/HydrogenOntology#Road,Development of a Hydrogen Infrastructure,[],Infrastructure
181,181,http://fraunhofer.de/data/Hydrogen_fuel_cells,http://fraunhofer.de/data,Hydrogen_fuel_cells,http://www.w3.org/1999/02/22-rdf-syntax-ns#type,http://fraunhofer.de/MarketActivities/inTesting,Hydrogen fuel cells,[],Fuel_Cell
182,182,http://fraunhofer.de/data/hydrogen_trains,http://fraunhofer.de/data,hydrogen_trains,http://www.w3.org/1999/02/22-rdf-syntax-ns#type,http://fraunhofer.de/MarketActivities/inProduction,hydrogen trains,[],Train
183,183,http://fraunhofer.de/data/hydrogen_trains,http://fraunhofer.de/data,hydrogen_trains,http://www.w3.org/1999/02/22-rdf-syntax-ns#type,http://fraunhofer.de/MarketActivities/Manufacturer,hydrogen trains,[],Train
184,184,http://fraunhofer.de/data/Hydrogen,http://fraunhofer.de/data,Hydrogen,http://www.w3.org/1999/02/22-rdf-syntax-ns#type,http://fraunhofer.de/MarketActivities/inTesting,Hydrogen,"[('Hydrogen', 'ORG')]",Hydrogen
185,185,http://fraunhofer.de/data/High_Pressure_Hydrogen_Tanks,http://fraunhofer.de/data,High_Pressure_Hydrogen_Tanks,http://www.w3.org/1999/02/22-rdf-syntax-ns#type,http://fraunhofer.de/MarketActivities/Manufacturer,High Pressure Hydrogen Tanks,[],Tank
186,186,http://fraunhofer.de/data/green_hydrogen,http://fraunhofer.de/data,green_hydrogen,http://www.w3.org/1999/02/22-rdf-syntax-ns#type,http://fraunhofer.de/MarketActivities/inResearch,green hydrogen,[],Hydrogen
187,187,http://fraunhofer.de/data/hydrogen_cars,http://fraunhofer.de/data,hydrogen_cars,http://www.w3.org/1999/02/22-rdf-syntax-ns#type,http://fraunhofer.de/MarketActivities/Researcher,hydrogen cars,[],Car
188,188,http://fraunhofer.de/data/Green_Hydrogen,http://fraunhofer.de/data,Green_Hydrogen,http://www.w3.org/1999/02/22-rdf-syntax-ns#type,http://fraunhofer.de/MarketActivities/inTesting,Green Hydrogen,"[('Green Hydrogen', 'ORG')]",Hydrogen
189,189,http://fraunhofer.de/data/Hydrogen_Fuel_Cell,http://fraunhofer.de/data,Hydrogen_Fuel_Cell,http://www.w3.org/1999/02/22-rdf-syntax-ns#type,http://fraunhofer.de/MarketActivities/inTesting,Hydrogen Fuel Cell,[],Fuel_Cell
190,190,http://fraunhofer.de/data/hydrogen_fuel_cell_system,http://fraunhofer.de/data,hydrogen_fuel_cell_system,http://www.w3.org/1999/02/22-rdf-syntax-ns#type,http://fraunhofer.de/MarketActivities/inTesting,hydrogen fuel cell system,[],Fuel_Cell
191,191,http://fraunhofer.de/data/Hydrogen,http://fraunhofer.de/data,Hydrogen,http://www.w3.org/1999/02/22-rdf-syntax-ns#type,http://fraunhofer.de/MarketActivities/Customer,Hydrogen,"[('Hydrogen', 'ORG')]",Hydrogen
192,192,http://fraunhofer.de/data/carbon-free_hydrogen,http://fraunhofer.de/data,carbon_free_hydrogen,http://www.w3.org/1999/02/22-rdf-syntax-ns#type,http://fraunhofer.de/MarketActivities/inResearch,carbon free hydrogen,[],Hydrogen
193,193,http://fraunhofer.de/data/hydrogen-bond_donor_scaffolds,http://fraunhofer.de/data,hydrogen_bond_donor_scaffolds,http://www.w3.org/1999/02/22-rdf-syntax-ns#type,http://fraunhofer.de/MarketActivities/inProduction,hydrogen bond donor scaffolds,[],Hydrogen
194,194,http://fraunhofer.de/data/hydrogen_production,http://fraunhofer.de/data,hydrogen_production,http://www.w3.org/1999/02/22-rdf-syntax-ns#type,http://fraunhofer.de/MarketActivities/inTesting,hydrogen production,[],Hydrogen
195,195,http://fraunhofer.de/data/hydrogen,http://fraunhofer.de/data,hydrogen,http://www.w3.org/1999/02/22-rdf-syntax-ns#type,http://fraunhofer.de/MarketActivities/inTesting,hydrogen,[],Hydrogen
196,196,http://fraunhofer.de/data/hydrogen_fuel_%2C,http://fraunhofer.de/data,hydrogen_fuel__,http://www.w3.org/1999/02/22-rdf-syntax-ns#type,http://fraunhofer.de/MarketActivities/Supplier,hydrogen fuel  ,[],Fuel_Cell
197,197,http://fraunhofer.de/data/Green_Hydrogen,http://fraunhofer.de/data,Green_Hydrogen,http://www.w3.org/1999/02/22-rdf-syntax-ns#type,http://fraunhofer.de/MarketActivities/Customer,Green Hydrogen,"[('Green Hydrogen', 'ORG')]",Hydrogen
198,198,http://fraunhofer.de/data/hydrogen_fuel_cell_system,http://fraunhofer.de/data,hydrogen_fuel_cell_system,http://www.w3.org/1999/02/22-rdf-syntax-ns#type,http://fraunhofer.de/MarketActivities/Customer,hydrogen fuel cell system,[],Fuel_Cell
199,199,http://fraunhofer.de/data/hydrogen_in,http://fraunhofer.de/data,hydrogen_in,http://www.w3.org/1999/02/22-rdf-syntax-ns#type,http://fraunhofer.de/MarketActivities/Supplier,hydrogen in,[],Hydrogen
200,200,http://fraunhofer.de/data/hydrogen_production,http://fraunhofer.de/data,hydrogen_production,http://www.w3.org/1999/02/22-rdf-syntax-ns#type,http://fraunhofer.de/MarketActivities/Customer,hydrogen production,[],Hydrogen
201,201,http://fraunhofer.de/data/hydrogen,http://fraunhofer.de/data,hydrogen,http://www.w3.org/1999/02/22-rdf-syntax-ns#type,http://fraunhofer.de/MarketActivities/Customer,hydrogen,[],Hydrogen
202,202,http://fraunhofer.de/data/Hydrogen_fuel_cells,http://fraunhofer.de/data,Hydrogen_fuel_cells,http://www.w3.org/1999/02/22-rdf-syntax-ns#type,http://fraunhofer.de/MarketActivities/Manufacturer,Hydrogen fuel cells,[],Fuel_Cell
203,203,http://fraunhofer.de/data/hydrogen_fuel_cell,http://fraunhofer.de/data,hydrogen_fuel_cell,http://www.w3.org/1999/02/22-rdf-syntax-ns#type,http://www.semanticweb.org/neunsinger/ontologies/2022/2.0/HydrogenOntology#Product,hydrogen fuel cell,[],Fuel_Cell
204,204,http://fraunhofer.de/data/the_%E2%80%9C_European_Clean_Hydrogen_Alliance,http://fraunhofer.de/data,the_____European_Clean_Hydrogen_Alliance,http://www.w3.org/1999/02/22-rdf-syntax-ns#type,http://fraunhofer.de/MarketActivities/inResearch,the     European Clean Hydrogen Alliance,"[('the     European Clean Hydrogen Alliance', 'ORG')]",European_Clean_Hydrogen_Alliance
205,205,http://fraunhofer.de/data/hydrogen_fuel,http://fraunhofer.de/data,hydrogen_fuel,http://www.w3.org/1999/02/22-rdf-syntax-ns#type,http://fraunhofer.de/MarketActivities/inTesting,hydrogen fuel,[],Fuel_Cell
206,206,http://fraunhofer.de/data/Hydrogen,http://fraunhofer.de/data,Hydrogen,http://www.w3.org/1999/02/22-rdf-syntax-ns#type,http://fraunhofer.de/MarketActivities/inProduction,Hydrogen,"[('Hydrogen', 'ORG')]",Hydrogen
207,207,http://fraunhofer.de/data/hydrogen_fuel_%2C,http://fraunhofer.de/data,hydrogen_fuel__,http://www.w3.org/1999/02/22-rdf-syntax-ns#type,http://fraunhofer.de/MarketActivities/Researcher,hydrogen fuel  ,[],Fuel_Cell
208,208,http://fraunhofer.de/data/Green_Hydrogen,http://fraunhofer.de/data,Green_Hydrogen,http://www.w3.org/1999/02/22-rdf-syntax-ns#type,http://fraunhofer.de/MarketActivities/inProduction,Green Hydrogen,"[('Green Hydrogen', 'ORG')]",Hydrogen
209,209,http://fraunhofer.de/data/Hydrogen_Fuel_Cell,http://fraunhofer.de/data,Hydrogen_Fuel_Cell,http://www.w3.org/1999/02/22-rdf-syntax-ns#type,http://fraunhofer.de/MarketActivities/inProduction,Hydrogen Fuel Cell,[],Fuel_Cell
210,210,http://fraunhofer.de/data/hydrogen_vehicle_fleet,http://fraunhofer.de/data,hydrogen_vehicle_fleet,http://www.w3.org/1999/02/22-rdf-syntax-ns#type,http://www.semanticweb.org/neunsinger/ontologies/2022/2.0/HydrogenOntology#Road,hydrogen vehicle fleet,[],Fleet
211,211,http://fraunhofer.de/data/hydrogen_fuel_cell_system,http://fraunhofer.de/data,hydrogen_fuel_cell_system,http://www.w3.org/1999/02/22-rdf-syntax-ns#type,http://fraunhofer.de/MarketActivities/inProduction,hydrogen fuel cell system,[],Fuel_Cell
212,212,http://fraunhofer.de/data/hydrogen_fuel_cell_system,http://fraunhofer.de/data,hydrogen_fuel_cell_system,http://www.w3.org/1999/02/22-rdf-syntax-ns#type,http://fraunhofer.de/MarketActivities/Manufacturer,hydrogen fuel cell system,[],Fuel_Cell
213,213,http://fraunhofer.de/data/hydrogen_production,http://fraunhofer.de/data,hydrogen_production,http://www.w3.org/1999/02/22-rdf-syntax-ns#type,http://fraunhofer.de/MarketActivities/inProduction,hydrogen production,[],Hydrogen
214,214,http://fraunhofer.de/data/hydrogen_train,http://fraunhofer.de/data,hydrogen_train,http://www.w3.org/1999/02/22-rdf-syntax-ns#type,http://fraunhofer.de/MarketActivities/inResearch,hydrogen train,[],Train
215,215,http://fraunhofer.de/data/Hydrogen_fuel_cells,http://fraunhofer.de/data,Hydrogen_fuel_cells,http://www.w3.org/1999/02/22-rdf-syntax-ns#type,http://www.semanticweb.org/neunsinger/ontologies/2022/2.0/HydrogenOntology#Reconversion,Hydrogen fuel cells,[],Fuel_Cell
216,216,http://fraunhofer.de/data/hydrogen,http://fraunhofer.de/data,hydrogen,http://www.w3.org/1999/02/22-rdf-syntax-ns#type,http://fraunhofer.de/MarketActivities/inProduction,hydrogen,[],Hydrogen
217,217,http://fraunhofer.de/data/hydrogen_and_fuel_cell_technologies,http://fraunhofer.de/data,hydrogen_and_fuel_cell_technologies,http://www.w3.org/1999/02/22-rdf-syntax-ns#type,http://www.semanticweb.org/neunsinger/ontologies/2022/2.0/HydrogenOntology#Reconversion,hydrogen and fuel cell technologies,[],Fuel_Cell
218,218,http://fraunhofer.de/data/hydrogen_production,http://fraunhofer.de/data,hydrogen_production,http://www.w3.org/1999/02/22-rdf-syntax-ns#type,http://fraunhofer.de/MarketActivities/Manufacturer,hydrogen production,[],Hydrogen
219,219,http://fraunhofer.de/data/hydrogen,http://fraunhofer.de/data,hydrogen,http://www.w3.org/1999/02/22-rdf-syntax-ns#type,http://fraunhofer.de/MarketActivities/Manufacturer,hydrogen,[],Hydrogen
220,220,http://fraunhofer.de/data/green_hydrogen,http://fraunhofer.de/data,green_hydrogen,http://www.w3.org/1999/02/22-rdf-syntax-ns#type,http://fraunhofer.de/MarketActivities/Supplier,green hydrogen,[],Hydrogen
221,221,http://www.jeccomposites.com/knowledge/international-composites-news/talgo%E2%80%99s-hydrogen-train-will-be-ready-2023,http://www.jeccomposites.com/knowledge/international-composites-news,talgo___s_hydrogen_train_will_be_ready_2023,http://www.w3.org/1999/02/22-rdf-syntax-ns#type,http://purl.org/dc/terms/BibliographicResource,talgo   s hydrogen train will be ready 2023,"[('2023', 'DATE')]",Train
222,222,http://fraunhofer.de/data/new_hydrogen_vehicle,http://fraunhofer.de/data,new_hydrogen_vehicle,http://www.w3.org/1999/02/22-rdf-syntax-ns#type,http://fraunhofer.de/MarketActivities/inResearch,new hydrogen vehicle,[],Vehicle
223,223,http://fraunhofer.de/data/hydrogen_projects,http://fraunhofer.de/data,hydrogen_projects,http://www.w3.org/1999/02/22-rdf-syntax-ns#type,http://fraunhofer.de/MarketActivities/inResearch,hydrogen projects,[],Hydrogen
224,224,http://www.onenewspage.com/n/Automotive/759n5mi4u/IHS-Says-Hydrogen-Cars-Are-at-Crossroad.htm,http://www.onenewspage.com/n/Automotive/759n5mi4u,IHS_Says_Hydrogen_Cars_Are_at_Crossroad_htm,http://www.w3.org/1999/02/22-rdf-syntax-ns#type,http://purl.org/dc/terms/BibliographicResource,IHS Says Hydrogen Cars Are at Crossroad htm,"[('IHS', 'ORG')]",Car
225,225,http://fraunhofer.de/data/contribute_to_the_development_of_zero-carbon_hydrogen,http://fraunhofer.de/data,contribute_to_the_development_of_zero_carbon_hydrogen,http://www.w3.org/1999/02/22-rdf-syntax-ns#type,http://www.semanticweb.org/neunsinger/ontologies/2022/2.0/HydrogenOntology#Car,contribute to the development of zero carbon hydrogen,"[('zero', 'CARDINAL')]",Hydrogen
226,226,http://fraunhofer.de/data/HyET_Hydrogen,http://fraunhofer.de/data,HyET_Hydrogen,http://www.w3.org/1999/02/22-rdf-syntax-ns#type,http://fraunhofer.de/MarketActivities/Manufacturer,HyET Hydrogen,"[('HyET Hydrogen', 'ORG')]",HyET_Hydrogen
227,227,http://fraunhofer.de/data/hydrogen_technology,http://fraunhofer.de/data,hydrogen_technology,http://www.w3.org/1999/02/22-rdf-syntax-ns#type,http://fraunhofer.de/MarketActivities/inTesting,hydrogen technology,[],Technology
228,228,http://fraunhofer.de/data/%27green%27_hydrogen,http://fraunhofer.de/data,_green__hydrogen,http://www.w3.org/1999/02/22-rdf-syntax-ns#type,http://fraunhofer.de/MarketActivities/inResearch, green  hydrogen,[],Hydrogen
229,229,http://fraunhofer.de/data/Hydrogen_Fuel_Cell,http://fraunhofer.de/data,Hydrogen_Fuel_Cell,http://www.w3.org/1999/02/22-rdf-syntax-ns#type,http://www.semanticweb.org/neunsinger/ontologies/2022/2.0/HydrogenOntology#Reconversion,Hydrogen Fuel Cell,[],Fuel_Cell
230,230,http://fraunhofer.de/data/hydrogen_fuel_cell_system,http://fraunhofer.de/data,hydrogen_fuel_cell_system,http://www.w3.org/1999/02/22-rdf-syntax-ns#type,http://www.semanticweb.org/neunsinger/ontologies/2022/2.0/HydrogenOntology#Reconversion,hydrogen fuel cell system,[],Fuel_Cell
231,231,http://fraunhofer.de/data/Green_hydrogen,http://fraunhofer.de/data,Green_hydrogen,http://www.w3.org/1999/02/22-rdf-syntax-ns#type,http://fraunhofer.de/MarketActivities/inResearch,Green hydrogen,[],Hydrogen
232,232,http://fraunhofer.de/data/hydrogen_fuel,http://fraunhofer.de/data,hydrogen_fuel,http://www.w3.org/1999/02/22-rdf-syntax-ns#type,http://fraunhofer.de/MarketActivities/inProduction,hydrogen fuel,[],Fuel_Cell
233,233,http://fraunhofer.de/data/Renewable_hydrogen,http://fraunhofer.de/data,Renewable_hydrogen,http://www.w3.org/1999/02/22-rdf-syntax-ns#type,http://fraunhofer.de/MarketActivities/Researcher,Renewable hydrogen,[],Hydrogen
234,234,http://fraunhofer.de/data/hydrogen_technology,http://fraunhofer.de/data,hydrogen_technology,http://www.w3.org/1999/02/22-rdf-syntax-ns#type,http://fraunhofer.de/MarketActivities/Customer,hydrogen technology,[],Technology
235,235,http://fraunhofer.de/data/hydrogen_fuel_cells,http://fraunhofer.de/data,hydrogen_fuel_cells,http://www.w3.org/1999/02/22-rdf-syntax-ns#type,http://fraunhofer.de/MarketActivities/inTesting,hydrogen fuel cells,[],Fuel_Cell
